Submission id,Participant id,Status,Custom study tncs accepted at,Started at,Completed at,Reviewed at,Archived at,Time taken,Completion code,Total approvals,Were you raised monolingual?,U.s state/territory of birth,Current u.s state of residence,Age,Sex,Ethnicity simplified,Country of birth,Country of residence,Nationality,Language,Student status,Employment status
687edff7c0f5d1b831497be8,65c7998283fde07a38b830af,APPROVED,Not Applicable,2025-07-22T00:48:55.769000Z,2025-07-22T01:04:18.918000Z,2025-07-23T00:34:20.659000Z,2025-07-22T01:04:19.326123Z,924.0,C11IH4PS,1316,I was raised with my native language only,New York (NY),New York (NY),46,Female,Black,United States,United States,United States,English,No,Full-Time
687ee34ec0f5d1b831497c7e,67eab317b6f969b3df440160,APPROVED,Not Applicable,2025-07-22T01:03:10.460000Z,2025-07-22T01:32:06.057000Z,2025-07-23T00:34:20.899000Z,2025-07-22T01:32:07.628104Z,1736.0,C11IH4PS,1347,I was raised with my native language only,Connecticut (CT),Connecticut (CT),37,Female,White,United States,United States,United States,English,No,Full-Time
687eea3c9bec796bf7feaff1,5b147696d282ff00015c2c4e,APPROVED,Not Applicable,2025-07-22T01:32:49.791000Z,2025-07-22T01:45:40.991000Z,2025-07-23T00:34:21.120000Z,2025-07-22T01:45:41.403786Z,772.0,C11IH4PS,13255,I was raised with my native language only,New York (NY),New Jersey (NJ),32,Female,White,United States,United States,United States,English,No,Full-Time
687f10675c41476638001c69,6815f715db4b297fb0c6aa19,APPROVED,Not Applicable,2025-07-22T04:15:57.156000Z,2025-07-22T04:27:00.560000Z,2025-07-23T00:34:21.347000Z,2025-07-22T04:27:01.134997Z,664.0,C11IH4PS,1345,I was raised with my native language only,New Jersey (NJ),New York (NY),42,Male,Black,United States,United States,United States,English,Yes,Part-Time
68802e95754069ae6a3e6146,646a74a7aadc8d532a2f34dd,AWAITING REVIEW,Not Applicable,2025-07-23T00:37:15.277000Z,2025-07-23T00:53:45.590000Z,,2025-07-23T00:53:46.015590Z,991.0,C11IH4PS,3421,I was raised with my native language only,Connecticut (CT),New Jersey (NJ),51,Female,White,United States,United States,United States,English,DATA_EXPIRED,DATA_EXPIRED
68802ea7c77af97eb7a1223e,677d27908064d9a59051cb91,AWAITING REVIEW,Not Applicable,2025-07-23T00:37:11.436000Z,2025-07-23T00:51:46.972000Z,,2025-07-23T00:51:47.392324Z,876.0,C11IH4PS,452,I was raised with my native language only,Pennsylvania (PA),Pennsylvania (PA),33,Female,White,United States,United States,United States,English,DATA_EXPIRED,DATA_EXPIRED
68802ed737db532102e2863f,6742237ff27899244266a74f,AWAITING REVIEW,Not Applicable,2025-07-23T00:37:49.250000Z,2025-07-23T00:52:27.903000Z,,2025-07-23T00:52:28.344338Z,879.0,C11IH4PS,116,I was raised with my native language only,Pennsylvania (PA),Pennsylvania (PA),21,Female,White,United States,United States,United States,English,Yes,DATA_EXPIRED
68802f3108240a5654ef00c2,60d8c6bc9686529cdc824a49,AWAITING REVIEW,Not Applicable,2025-07-23T00:39:18.292000Z,2025-07-23T01:02:20.922000Z,,2025-07-23T01:02:21.331869Z,1383.0,C11IH4PS,6154,I was raised with my native language only,New York (NY),New York (NY),39,Female,White,United States,United States,United States,English,No,"Not in paid work (e.g. homemaker', 'retired or disabled)"
68802f516639a2cfe83d4a57,55eb4774748092000baa97ee,AWAITING REVIEW,Not Applicable,2025-07-23T00:39:52.514000Z,2025-07-23T00:57:30.087000Z,,2025-07-23T00:57:30.504249Z,1058.0,C11IH4PS,4484,I was raised with my native language only,New York (NY),Pennsylvania (PA),36,Female,White,United States,United States,United States,English,DATA_EXPIRED,DATA_EXPIRED
68802f7311c93b8917230057,66b93ba9ccbb002158c59355,AWAITING REVIEW,Not Applicable,2025-07-23T00:40:34.907000Z,2025-07-23T01:29:16.224000Z,,2025-07-23T01:29:16.670890Z,2922.0,C11IH4PS,1388,I was raised with my native language only,New York (NY),New York (NY),33,Male,White,United States,United States,United States,English,No,Unemployed (and job seeking)
68802f9cd16cca49356c8927,6761134a283b8ace0b1e0345,AWAITING REVIEW,Not Applicable,2025-07-23T00:41:06.033000Z,2025-07-23T00:55:29.588000Z,,2025-07-23T00:55:30.019420Z,864.0,C11IH4PS,647,I was raised with my native language only,Pennsylvania (PA),Pennsylvania (PA),21,Male,White,United States,United States,United States,English,Yes,DATA_EXPIRED
68802ff282e6d7ec14192327,5e70636370147a63fecbdea3,AWAITING REVIEW,Not Applicable,2025-07-23T00:42:26.542000Z,2025-07-23T00:57:32.440000Z,,2025-07-23T00:57:32.854956Z,906.0,C11IH4PS,883,I was raised with my native language only,New York (NY),New York (NY),53,Male,White,United States,United States,United States,English,DATA_EXPIRED,DATA_EXPIRED
6880303978f84ba0ba5e0f61,66293a02f66f851f4c9fec39,AWAITING REVIEW,Not Applicable,2025-07-23T00:43:52.097000Z,2025-07-23T01:00:41.728000Z,,2025-07-23T01:00:42.192314Z,1010.0,C11IH4PS,1252,I was raised with my native language only,Pennsylvania (PA),Pennsylvania (PA),49,Female,White,United States,United States,United States,English,Yes,Full-Time
68803048a21312e4d45f5eec,660ec4452539f6860b02db7a,AWAITING REVIEW,Not Applicable,2025-07-23T00:46:54.578000Z,2025-07-23T01:02:51.117000Z,,2025-07-23T01:02:51.598466Z,957.0,C11IH4PS,1545,I was raised with my native language only,Rhode Island (RI),New Jersey (NJ),41,Male,White,United States,United States,United States,English,No,Full-Time
688030af1472ba5df66709cb,66ecacaae782ea94cd9bfbd8,AWAITING REVIEW,Not Applicable,2025-07-23T00:45:40.975000Z,2025-07-23T01:05:35.137000Z,,2025-07-23T01:05:35.595814Z,1195.0,C11IH4PS,1445,I was raised with my native language only,New York (NY),New York (NY),53,Male,Other,United States,United States,United States,English,DATA_EXPIRED,DATA_EXPIRED
6880313f08240a5654ef012f,662966f0b2169f8047af1345,AWAITING REVIEW,Not Applicable,2025-07-23T00:48:08.445000Z,2025-07-23T01:12:02.891000Z,,2025-07-23T01:12:03.337620Z,1435.0,C11IH4PS,2142,I was raised with my native language only,New York (NY),New York (NY),55,Female,White,United States,United States,United States,English,No,Full-Time
68803162e4188473187ba793,60c8467d9872c0d83f695499,AWAITING REVIEW,Not Applicable,2025-07-23T00:48:34.005000Z,2025-07-23T01:04:18.507000Z,,2025-07-23T01:04:18.947151Z,945.0,C11IH4PS,4116,I was raised with my native language only,Pennsylvania (PA),Pennsylvania (PA),31,Female,White,United States,United States,United States,English,No,Full-Time
68803182acba73518e6d4d7b,677454d2ffb9721d9469456a,AWAITING REVIEW,Not Applicable,2025-07-23T00:49:44.471000Z,2025-07-23T01:08:18.489000Z,,2025-07-23T01:08:18.921041Z,1115.0,C11IH4PS,738,I was raised with my native language only,Rhode Island (RI),Rhode Island (RI),35,Female,White,United States,United States,United States,English,DATA_EXPIRED,DATA_EXPIRED
688031b8e7293c24936f1934,6661bf4587f6b99850d9328b,AWAITING REVIEW,Not Applicable,2025-07-23T00:50:34.692000Z,2025-07-23T01:10:27.951000Z,,2025-07-23T01:10:28.423337Z,1194.0,C11IH4PS,1342,I was raised with my native language only,New York (NY),Pennsylvania (PA),60,Female,Black,United States,United States,United States,English,DATA_EXPIRED,DATA_EXPIRED
688031c403835510018c68d9,663298e9fb8d4ab0415f49fb,AWAITING REVIEW,Not Applicable,2025-07-23T00:50:20.895000Z,2025-07-23T01:13:51.995000Z,,2025-07-23T01:13:52.435439Z,1412.0,C11IH4PS,1454,I was raised with my native language only,Rhode Island (RI),Rhode Island (RI),52,Male,White,United States,United States,United States,English,No,Other
688031c78502cde679798f48,67dd4210d92f4c3aac8d944c,AWAITING REVIEW,Not Applicable,2025-07-23T00:50:23.078000Z,2025-07-23T01:08:32.852000Z,,2025-07-23T01:08:33.263677Z,1090.0,C11IH4PS,285,I was raised with my native language only,New York (NY),New York (NY),33,Male,Black,United States,United States,United States,English,Yes,Full-Time
6880354492bae85d4dbe1f28,60fcbf0aca44c1b1c5631970,AWAITING REVIEW,Not Applicable,2025-07-23T01:05:21.736000Z,2025-07-23T01:18:00.682000Z,,2025-07-23T01:18:01.081635Z,759.0,C11IH4PS,649,I was raised with my native language only,New Jersey (NJ),New Jersey (NJ),30,Female,White,United States,United States,United States,English,DATA_EXPIRED,Other
688035b4164dd146007c2fbb,6100d12602dbc013bf326e62,AWAITING REVIEW,Not Applicable,2025-07-23T01:07:03.988000Z,2025-07-23T01:20:23.783000Z,,2025-07-23T01:20:24.175160Z,800.0,C11IH4PS,2346,I was raised with my native language only,Delaware (DE),Delaware (DE),24,Female,White,United States,United States,United States,English,No,Part-Time
6880362662d8a648d7c2b5e6,6784863a028ac25ee3f395ee,AWAITING REVIEW,Not Applicable,2025-07-23T01:08:57.816000Z,2025-07-23T01:27:50.411000Z,,2025-07-23T01:27:50.838475Z,1133.0,C11IH4PS,175,I was raised with my native language only,New York (NY),New York (NY),23,Male,White,United States,United States,United States,English,DATA_EXPIRED,DATA_EXPIRED
6880368cf3ebe9dd9578d6bf,5e0e49cfbf3d4e5b0925b2a3,AWAITING REVIEW,Not Applicable,2025-07-23T01:10:40.929000Z,2025-07-23T01:25:50.599000Z,,2025-07-23T01:25:51.014876Z,910.0,C11IH4PS,2012,I was raised with my native language only,Pennsylvania (PA),New Jersey (NJ),28,Female,White,United States,United States,United States,English,No,Full-Time
688037203f5904b8ae293c27,66e5ec95fd780d155cc8a480,AWAITING REVIEW,Not Applicable,2025-07-23T01:13:08.684000Z,2025-07-23T01:29:12.274000Z,,2025-07-23T01:29:12.719621Z,964.0,C11IH4PS,354,I was raised with my native language only,New York (NY),New York (NY),27,Male,White,United States,United States,United States,English,DATA_EXPIRED,DATA_EXPIRED
688037f98a55cec35c2b1c9a,5b6482e9f5bc0a00019fd571,AWAITING REVIEW,Not Applicable,2025-07-23T01:16:44.707000Z,2025-07-23T01:33:05.855000Z,,2025-07-23T01:33:06.281680Z,982.0,C11IH4PS,12353,I was raised with my native language only,New York (NY),New York (NY),44,Male,White,United States,United States,United States,English,No,Full-Time
68803a54bebdaa1862b857b2,675c5393b9b2d381baa880c2,AWAITING REVIEW,Not Applicable,2025-07-23T01:26:48.686000Z,2025-07-23T01:43:11.292000Z,,2025-07-23T01:43:11.735948Z,983.0,C11IH4PS,1133,I was raised with my native language only,Connecticut (CT),Connecticut (CT),51,Male,White,United States,United States,United States,English,DATA_EXPIRED,DATA_EXPIRED
68803a65ec0265f0ed0ea547,66a5b59b28f1beaaf60ee41b,AWAITING REVIEW,Not Applicable,2025-07-23T01:27:53.545000Z,2025-07-23T01:50:32.106000Z,,2025-07-23T01:50:32.589925Z,1359.0,C11IH4PS,1629,I was raised with my native language only,New York (NY),New York (NY),47,Female,Black,United States,United States,United States,English,Yes,Other
68803cfc350a438651958f70,5cd3d5760b858f0016ccd823,AWAITING REVIEW,Not Applicable,2025-07-23T01:38:07.635000Z,2025-07-23T01:55:48.851000Z,,2025-07-23T01:55:49.265083Z,1062.0,C11IH4PS,1761,I was raised with my native language only,Connecticut (CT),Pennsylvania (PA),34,Female,White,United States,United States,United States,English,No,Unemployed (and job seeking)
6880405b18a35585d723aad2,5c4a4b329ba9e00001ffc4f3,AWAITING REVIEW,Not Applicable,2025-07-23T01:52:34.167000Z,2025-07-23T02:08:11.388000Z,,2025-07-23T02:08:11.850553Z,938.0,C11IH4PS,1382,I was raised with my native language only,New Jersey (NJ),New Jersey (NJ),44,Male,White,United States,United States,United States,English,DATA_EXPIRED,DATA_EXPIRED
688040b8275ee6c7b2cc2e0f,66046225387696a0f72502e5,AWAITING REVIEW,Not Applicable,2025-07-23T01:54:07.871000Z,2025-07-23T02:21:59.328000Z,,2025-07-23T02:21:59.750457Z,1672.0,C11IH4PS,1218,I was raised with my native language only,New York (NY),New York (NY),54,Female,Black,United States,United States,United States,English,No,Full-Time
68804125cac3f88b75a27ed8,595d516e2da9c90001d7d200,AWAITING REVIEW,Not Applicable,2025-07-23T01:55:56.094000Z,2025-07-23T02:11:40.824000Z,,2025-07-23T02:11:41.234489Z,945.0,C11IH4PS,3208,I was raised with my native language only,New Jersey (NJ),Pennsylvania (PA),46,Male,White,United States,United States,United States,English,No,Full-Time
6880429cae2e26d748610e95,66310ce555ff986b176b5279,AWAITING REVIEW,Not Applicable,2025-07-23T02:09:53.695000Z,2025-07-23T02:35:10.411000Z,,2025-07-23T02:35:10.800837Z,1517.0,C11IH4PS,2563,I was raised with my native language only,"Washington, DC (District of Columbia) (DC)","Washington, DC (District of Columbia) (DC)",47,Male,Black,United States,United States,United States,English,Yes,Part-Time
68804430d468caf09f03e5e8,5c553e0ad3cc6b0001d98fd3,AWAITING REVIEW,Not Applicable,2025-07-23T02:08:51.941000Z,2025-07-23T02:25:11.383000Z,,2025-07-23T02:25:11.818610Z,980.0,C11IH4PS,792,I was raised with my native language only,Connecticut (CT),Connecticut (CT),53,Female,White,United States,United States,United States,English,DATA_EXPIRED,DATA_EXPIRED
68804654ff543006e5ff9c6d,5bd77196beca730001ced094,AWAITING REVIEW,Not Applicable,2025-07-23T02:18:08.955000Z,2025-07-23T02:44:35.334000Z,,2025-07-23T02:44:35.756108Z,1587.0,C11IH4PS,1275,I was raised with my native language only,New York (NY),New York (NY),47,Female,White,United States,United States,United States,English,No,Unemployed (and job seeking)
68804b2f45d2b0e9066adb6e,5e8601d90126b207e8c7a2aa,AWAITING REVIEW,Not Applicable,2025-07-23T02:38:45.922000Z,2025-07-23T02:54:12.222000Z,,2025-07-23T02:54:12.660137Z,927.0,C11IH4PS,8666,I was raised with my native language only,Delaware (DE),Delaware (DE),44,Female,White,United States,United States,United States,English,DATA_EXPIRED,DATA_EXPIRED
68804c30d427323b07560288,655cc974613aec120f21293b,AWAITING REVIEW,Not Applicable,2025-07-23T02:43:44.296000Z,2025-07-23T02:56:07.238000Z,,2025-07-23T02:56:07.643249Z,743.0,C11IH4PS,2054,I was raised with my native language only,Pennsylvania (PA),Pennsylvania (PA),26,Male,Black,United States,United States,United States,English,No,Full-Time
68804ca9079d9c266fa6d7cc,672193644fb3e4b721e16394,AWAITING REVIEW,Not Applicable,2025-07-23T02:45:01.450000Z,2025-07-23T03:10:58.104000Z,,2025-07-23T03:10:58.536997Z,1557.0,C11IH4PS,934,I was raised with my native language only,New York (NY),New York (NY),35,Male,White,United States,United States,United States,English,DATA_EXPIRED,DATA_EXPIRED
68804d7299c1cabc0e7075c9,58016c9f551314000145af58,AWAITING REVIEW,Not Applicable,2025-07-23T02:48:24.825000Z,2025-07-23T03:04:55.495000Z,,2025-07-23T03:04:55.938033Z,991.0,C11IH4PS,475,I was raised with my native language only,Rhode Island (RI),Rhode Island (RI),33,Female,White,United States,United States,United States,English,No,Other
68804e94c237575d95072797,675d946d3c3d6081b70b0257,AWAITING REVIEW,Not Applicable,2025-07-23T02:53:29.753000Z,2025-07-23T03:20:31.301000Z,,2025-07-23T03:20:31.727989Z,1622.0,C11IH4PS,456,I was raised with my native language only,Connecticut (CT),Connecticut (CT),44,Female,White,United States,United States,United States,English,DATA_EXPIRED,DATA_EXPIRED
68804f8b744c1c55b45cd188,663a41265f6d1a3d681574c2,AWAITING REVIEW,Not Applicable,2025-07-23T02:57:19.140000Z,2025-07-23T03:11:41.348000Z,,2025-07-23T03:11:41.776960Z,863.0,C11IH4PS,869,I was raised with my native language only,New York (NY),Rhode Island (RI),34,Female,White,United States,United States,United States,English,No,DATA_EXPIRED
6880523314bb17e231ec688d,60ffa874681b76a16e189f84,AWAITING REVIEW,Not Applicable,2025-07-23T03:08:38.201000Z,2025-07-23T03:22:23.057000Z,,2025-07-23T03:22:23.481432Z,825.0,C11IH4PS,423,I was raised with my native language only,New York (NY),New York (NY),30,Female,White,United States,United States,United States,English,DATA_EXPIRED,DATA_EXPIRED
68805569012ef9b969b5daa8,6824f2326444e0c0b3eb0371,AWAITING REVIEW,Not Applicable,2025-07-23T03:22:28.305000Z,2025-07-23T03:45:37.404000Z,,2025-07-23T03:45:37.849053Z,1390.0,C11IH4PS,240,I was raised with my native language only,New Jersey (NJ),New Jersey (NJ),23,Male,White,United States,United States,United States,English,No,Full-Time
6880575fc555eae6537a4a8d,63e54336ed7afb1425f7888f,AWAITING REVIEW,Not Applicable,2025-07-23T03:30:48.180000Z,2025-07-23T03:47:31.005000Z,,2025-07-23T03:47:31.431593Z,1003.0,C11IH4PS,1852,I was raised with my native language only,Rhode Island (RI),Rhode Island (RI),24,Male,White,United States,United States,United States,English,DATA_EXPIRED,Unemployed (and job seeking)
688058fa2705922ab74fb9e2,65edebf1c2c09681c2b91185,AWAITING REVIEW,Not Applicable,2025-07-23T03:37:37.372000Z,2025-07-23T04:06:41.200000Z,,2025-07-23T04:06:41.663339Z,1744.0,C11IH4PS,1569,I was raised with my native language only,New York (NY),New York (NY),46,Male,White,United States,United States,United States,English,No,Full-Time
68805db2d4f27b81a4150ee7,66dacbf67ea6c959464494d2,AWAITING REVIEW,Not Applicable,2025-07-23T03:57:43.011000Z,2025-07-23T04:14:30.618000Z,,2025-07-23T04:14:31.034709Z,1008.0,C11IH4PS,794,I was raised with my native language only,New York (NY),New Hampshire (NH),49,Female,White,United States,United States,United States,English,DATA_EXPIRED,DATA_EXPIRED
6880607929ccf867d27bcf19,5f78a9660c01564630e2c2c8,AWAITING REVIEW,Not Applicable,2025-07-23T04:10:20.774000Z,2025-07-23T04:24:28.670000Z,,2025-07-23T04:24:29.068309Z,848.0,C11IH4PS,1196,I was raised with my native language only,Pennsylvania (PA),Pennsylvania (PA),35,Female,White,United States,United States,United States,English,No,Full-Time
68806407c237575d95072a03,66992658eb80f2860c78c698,AWAITING REVIEW,Not Applicable,2025-07-23T04:24:43.671000Z,2025-07-23T04:51:45.051000Z,,2025-07-23T04:51:45.510825Z,1622.0,C11IH4PS,1280,I was raised with my native language only,Pennsylvania (PA),Pennsylvania (PA),47,Male,White,United States,United States,United States,English,DATA_EXPIRED,Full-Time
688064ef0d05d2b81d4f9bfe,6660c2911087fce9e11a759d,AWAITING REVIEW,Not Applicable,2025-07-23T04:29:04.123000Z,2025-07-23T04:48:10.127000Z,,2025-07-23T04:48:10.593866Z,1147.0,C11IH4PS,1264,I was raised with my native language only,New Jersey (NJ),New Jersey (NJ),41,Female,Black,United States,United States,United States,English,Yes,Full-Time
6880680a270afd2d461461b2,67a50324c29ef2078a8db77f,AWAITING REVIEW,Not Applicable,2025-07-23T04:41:50.653000Z,2025-07-23T04:57:05.617000Z,,2025-07-23T04:57:06.056476Z,915.0,C11IH4PS,521,I was raised with my native language only,New Jersey (NJ),Pennsylvania (PA),32,Female,White,United States,United States,United States,English,No,Part-Time
688068a1beb8f1fd6b81b00c,61075af85969d97b256603cc,AWAITING REVIEW,Not Applicable,2025-07-23T04:44:21.266000Z,2025-07-23T05:01:00.820000Z,,2025-07-23T05:01:01.267266Z,1000.0,C11IH4PS,610,I was raised with my native language only,Pennsylvania (PA),New York (NY),26,Female,White,United States,United States,United States,English,No,DATA_EXPIRED
68806afadc27d9ada156e1a6,5fb5ef0ab61b9e02d5752768,AWAITING REVIEW,Not Applicable,2025-07-23T04:54:23.966000Z,2025-07-23T05:12:34.995000Z,,2025-07-23T05:12:35.436331Z,1092.0,C11IH4PS,1874,I was raised with my native language only,New Jersey (NJ),New Jersey (NJ),38,Male,Black,United States,United States,Haiti,English,No,Unemployed (and job seeking)
68806b0f73bf4ee22fdb7022,5f91a6bf59acc003a749718a,AWAITING REVIEW,Not Applicable,2025-07-23T04:54:49.102000Z,2025-07-23T05:16:14.815000Z,,2025-07-23T05:16:15.261508Z,1286.0,C11IH4PS,3550,I was raised with my native language only,New York (NY),New York (NY),35,Female,Mixed,United States,United States,United States,English,DATA_EXPIRED,DATA_EXPIRED
688070805f635c2c6631a54c,6649f870ed4a6b0016a6086a,AWAITING REVIEW,Not Applicable,2025-07-23T05:18:04.143000Z,2025-07-23T05:31:45.190000Z,,2025-07-23T05:31:45.634327Z,822.0,C11IH4PS,825,I was raised with my native language only,New Jersey (NJ),New Jersey (NJ),29,Male,White,United States,United States,United States,English,No,Full-Time
688079211842bcacd2f843cc,66940332d70583ebe9a33c05,AWAITING REVIEW,Not Applicable,2025-07-23T05:54:41.666000Z,2025-07-23T06:20:13.053000Z,,2025-07-23T06:20:13.555269Z,1532.0,C11IH4PS,2713,I was raised with my native language only,New York (NY),New York (NY),19,Male,White,United States,United States,United States,English,Yes,Part-Time
68807df554997f4e430eea53,64a2f68799cfe91aa4f9da77,AWAITING REVIEW,Not Applicable,2025-07-23T06:15:27.079000Z,2025-07-23T06:32:40.445000Z,,2025-07-23T06:32:40.863614Z,1034.0,C11IH4PS,1520,I was raised with my native language only,New Jersey (NJ),New Jersey (NJ),29,Female,White,United States,United States,United States,English,DATA_EXPIRED,DATA_EXPIRED
68807efd209342e0f6be60c4,6682c4fcefd32e38eb8197b2,AWAITING REVIEW,Not Applicable,2025-07-23T06:19:53.072000Z,2025-07-23T06:37:34.701000Z,,2025-07-23T06:37:35.133302Z,1062.0,C11IH4PS,1333,I was raised with my native language only,Pennsylvania (PA),Pennsylvania (PA),25,Male,Black,United States,United States,United States,English,No,Unemployed (and job seeking)
68808287fe38476f55bfaf2d,67c9e12970245699c2237d09,AWAITING REVIEW,Not Applicable,2025-07-23T06:35:50.121000Z,2025-07-23T06:55:28.590000Z,,2025-07-23T06:55:29.029923Z,1179.0,C11IH4PS,844,I was raised with my native language only,New York (NY),New York (NY),22,Female,White,United States,United States,United States,English,No,Full-Time
68808581d950f7dbd2437596,6735b2a6112cf17b7b8df8d1,AWAITING REVIEW,Not Applicable,2025-07-23T06:47:42.835000Z,2025-07-23T07:09:43.390000Z,,2025-07-23T07:09:43.831700Z,1321.0,C11IH4PS,2056,I was raised with my native language only,New York (NY),New York (NY),20,Female,White,United States,United States,United States,English,No,Unemployed (and job seeking)
688085e4f24c993615578122,67db78c86b4bd2d085ff5699,AWAITING REVIEW,Not Applicable,2025-07-23T06:49:38.943000Z,2025-07-23T07:08:17.843000Z,,2025-07-23T07:08:18.277139Z,1119.0,C11IH4PS,1056,I was raised with my native language only,New Jersey (NJ),New Jersey (NJ),37,Female,White,United States,United States,United States,English,No,Part-Time
68809200c1faba141b73a9bf,615e1782e969d4939045c54f,AWAITING REVIEW,Not Applicable,2025-07-23T07:41:07.159000Z,2025-07-23T08:34:15.706000Z,,2025-07-23T08:34:16.101697Z,3189.0,C11IH4PS,1815,I was raised with my native language only,"Washington, DC (District of Columbia) (DC)",New York (NY),34,Male,Black,United States,United States,United States,English,DATA_EXPIRED,Full-Time
688096f14224fc2df7071928,666b5817eadabfbefc40fe1b,AWAITING REVIEW,Not Applicable,2025-07-23T08:02:27.707000Z,2025-07-23T08:27:05.410000Z,,2025-07-23T08:27:05.886263Z,1478.0,C11IH4PS,2020,I was raised with my native language only,New Jersey (NJ),New Jersey (NJ),57,Male,White,United States,United States,United States,English,No,DATA_EXPIRED
68809c1ed83cdc19d6115776,6664dfc807e75330a8b54a8b,AWAITING REVIEW,Not Applicable,2025-07-23T08:28:14.109000Z,2025-07-23T08:45:47.474000Z,,2025-07-23T08:45:47.882259Z,1054.0,C11IH4PS,3391,I was raised with my native language only,New York (NY),New York (NY),32,Male,White,United States,United States,United States,English,Yes,Full-Time
68809f0b25f72148a477dcf9,6693c333b5a3205963d6eab1,AWAITING REVIEW,Not Applicable,2025-07-23T08:36:40.975000Z,2025-07-23T08:56:06.519000Z,,2025-07-23T08:56:06.953249Z,1166.0,C11IH4PS,1322,I was raised with my native language only,New York (NY),New York (NY),48,Male,White,United States,United States,United States,English,No,Full-Time
6880a16a8e7b2cd3230a286c,63d4dbdd4adb3ccef611be9c,AWAITING REVIEW,Not Applicable,2025-07-23T08:46:45.103000Z,2025-07-23T09:06:24.877000Z,,2025-07-23T09:06:25.340352Z,1180.0,C11IH4PS,2459,I was raised with my native language only,New York (NY),New York (NY),41,Male,White,United States,United States,United States,English,DATA_EXPIRED,DATA_EXPIRED
6880aa736ea8bf4d9a5302d3,628d14b52b5bd1d83ed1f7d2,AWAITING REVIEW,Not Applicable,2025-07-23T09:25:15.706000Z,2025-07-23T09:41:28.638000Z,,2025-07-23T09:41:29.136028Z,973.0,C11IH4PS,5161,I was raised with my native language only,New York (NY),New York (NY),37,Female,Mixed,United States,United States,United States,English,DATA_EXPIRED,DATA_EXPIRED
6880aff28800b0f2939d405c,672ce4b6444bb28ed1573e5a,AWAITING REVIEW,Not Applicable,2025-07-23T09:50:05.300000Z,2025-07-23T10:21:35.261000Z,,2025-07-23T10:21:35.720716Z,1890.0,C11IH4PS,1122,I was raised with my native language only,New York (NY),New York (NY),41,Male,Black,United States,United States,United States,English,No,Full-Time
6880b7b5fa0ff133036931cb,663765ad2bdf17e0c60a3637,AWAITING REVIEW,Not Applicable,2025-07-23T10:21:50.412000Z,2025-07-23T10:39:30.761000Z,,2025-07-23T10:39:31.169225Z,1061.0,C11IH4PS,614,I was raised with my native language only,New York (NY),New York (NY),65,Male,White,United States,United States,United States,English,No,Full-Time
6880bbaede15c1052b6d76fd,63d3f99eac52371a49e65825,AWAITING REVIEW,Not Applicable,2025-07-23T10:38:45.934000Z,2025-07-23T10:51:14.162000Z,,2025-07-23T10:51:14.557364Z,749.0,C11IH4PS,6695,I was raised with my native language only,Pennsylvania (PA),Pennsylvania (PA),28,Female,White,United States,United States,United States,English,No,Full-Time
6880bdd16d78a169880536e2,605f61f6a2529d666698844b,AWAITING REVIEW,Not Applicable,2025-07-23T10:47:59.045000Z,2025-07-23T11:06:04.631000Z,,2025-07-23T11:06:05.771066Z,1086.0,C11IH4PS,4780,I was raised with my native language only,Pennsylvania (PA),Pennsylvania (PA),62,Female,White,United States,United States,Italy,English,No,Other
6880be00c9090cf1eea2a441,55b8d0bffdf99b0f2859fe73,AWAITING REVIEW,Not Applicable,2025-07-23T10:48:36.773000Z,2025-07-23T11:03:07.852000Z,,2025-07-23T11:03:08.264410Z,872.0,C11IH4PS,6661,I was raised with my native language only,New Jersey (NJ),New Jersey (NJ),44,Male,White,United States,United States,United States,English,DATA_EXPIRED,Full-Time
6880bf1a60db0a9d0ba5eea0,67d5f6c42a9c97450f6bbcd5,AWAITING REVIEW,Not Applicable,2025-07-23T10:54:09.119000Z,2025-07-23T11:14:13.638000Z,,2025-07-23T11:14:14.455768Z,1205.0,C11IH4PS,354,I was raised with my native language only,New Jersey (NJ),New Jersey (NJ),21,Male,Black,United States,United States,United States,English,No,Full-Time
6880c24414f146a5fb241246,67acfcf471895bd3ece873e5,AWAITING REVIEW,Not Applicable,2025-07-23T11:06:48.692000Z,2025-07-23T11:44:33.291000Z,,2025-07-23T11:44:33.705416Z,2265.0,C11IH4PS,789,I was raised with my native language only,New York (NY),New Jersey (NJ),38,Male,White,United States,United States,United States,English,No,Full-Time
6880c2bf6ddd51bb3c344491,67c9e8e5ec86b1f821a8d5c7,AWAITING REVIEW,Not Applicable,2025-07-23T11:08:53.063000Z,2025-07-23T11:26:49.990000Z,,2025-07-23T11:26:50.394293Z,1077.0,C11IH4PS,1436,I was raised with my native language only,New York (NY),New York (NY),40,Female,White,United States,United States,United States,English,No,Full-Time
6880c330c5b99892d02337a6,67506c9140f7ec4223d6c7be,AWAITING REVIEW,Not Applicable,2025-07-23T11:10:51.690000Z,2025-07-23T11:24:54.352000Z,,2025-07-23T11:24:54.795906Z,843.0,C11IH4PS,877,I was raised with my native language only,Pennsylvania (PA),New Hampshire (NH),34,Female,White,United States,United States,United States,English,No,Other
6880c3c77e0681e06b644498,5e51c83155087a204d8e7f1f,AWAITING REVIEW,Not Applicable,2025-07-23T11:13:23.740000Z,2025-07-23T11:31:27.256000Z,,2025-07-23T11:31:27.660415Z,1084.0,C11IH4PS,5315,I was raised with my native language only,New Jersey (NJ),New Jersey (NJ),78,Female,White,United States,United States,Italy,English,No,"Not in paid work (e.g. homemaker', 'retired or disabled)"
6880c7ce04a2ae7077394e6d,6636554a6d7e6b582fec59ce,AWAITING REVIEW,Not Applicable,2025-07-23T11:30:27.062000Z,2025-07-23T12:27:41.804000Z,,2025-07-23T12:27:42.257867Z,3435.0,C11IH4PS,401,I was raised with my native language only,Delaware (DE),Delaware (DE),37,Female,White,United States,United States,United States,English,No,Full-Time
6880cad89969020ec3fcc166,663b9c6e798074f8e71665c5,AWAITING REVIEW,Not Applicable,2025-07-23T11:43:39.828000Z,2025-07-23T12:10:32.131000Z,,2025-07-23T12:10:32.666922Z,1613.0,C11IH4PS,1184,I was raised with my native language only,Delaware (DE),Delaware (DE),69,Female,White,United States,United States,United States,English,DATA_EXPIRED,DATA_EXPIRED
6880ce819b6e21ce2f292a9e,654509bce930185adab23a1a,AWAITING REVIEW,Not Applicable,2025-07-23T11:59:00.512000Z,2025-07-23T12:15:05.642000Z,,2025-07-23T12:15:06.073069Z,966.0,C11IH4PS,1426,I was raised with my native language only,New York (NY),New York (NY),42,Female,White,United States,United States,United States,English,No,Unemployed (and job seeking)
6880cef4a01e479eda997fd4,6516d5862e627be30bea296f,AWAITING REVIEW,Not Applicable,2025-07-23T12:00:56.913000Z,2025-07-23T12:18:02.553000Z,,2025-07-23T12:18:03.011994Z,1026.0,C11IH4PS,4029,I was raised with my native language only,New York (NY),New York (NY),54,Male,White,United States,United States,United States,English,No,Full-Time
6880d1cd5aefae450ec860bc,6643ab5b0c0f7e724662e6a9,AWAITING REVIEW,Not Applicable,2025-07-23T12:13:15.993000Z,2025-07-23T12:29:49.804000Z,,2025-07-23T12:29:50.304281Z,994.0,C11IH4PS,2829,I was raised with my native language only,New York (NY),New York (NY),32,Female,White,United States,United States,United States,English,DATA_EXPIRED,DATA_EXPIRED
6880d246893c23c213ed2004,663fac4f53bae2b144be83f2,AWAITING REVIEW,Not Applicable,2025-07-23T12:15:49.078000Z,2025-07-23T12:39:50.869000Z,,2025-07-23T12:39:51.309892Z,1442.0,C11IH4PS,538,I was raised with my native language only,"Washington, DC (District of Columbia) (DC)","Washington, DC (District of Columbia) (DC)",51,Male,Black,United States,United States,United States,English,DATA_EXPIRED,DATA_EXPIRED
6880d2adf6b204a7ade82806,55885869fdf99b4020ba0b64,AWAITING REVIEW,Not Applicable,2025-07-23T12:16:51.556000Z,2025-07-23T12:32:39.816000Z,,2025-07-23T12:32:40.306274Z,949.0,C11IH4PS,4731,I was raised with my native language only,New York (NY),New York (NY),30,Female,White,United States,United States,United States,English,No,DATA_EXPIRED
6880d44c1f773f0edab43eae,65ddfaeab5c421556410b938,AWAITING REVIEW,Not Applicable,2025-07-23T12:23:53.526000Z,2025-07-23T12:38:31.428000Z,,2025-07-23T12:38:31.879982Z,878.0,C11IH4PS,2383,I was raised with my native language only,New Jersey (NJ),New Jersey (NJ),42,Male,Mixed,United States,United States,United States,English,No,Full-Time
6880d56f93a935a65cad5b6d,5ddc898a41fb3fbef8f00b91,AWAITING REVIEW,Not Applicable,2025-07-23T12:31:59.641000Z,2025-07-23T12:50:16.879000Z,,2025-07-23T12:50:17.284643Z,1098.0,C11IH4PS,378,I was raised with my native language only,New Jersey (NJ),Connecticut (CT),23,Female,White,United States,United States,United States,English,No,Full-Time
6880d5936aad0bdb61b722a4,5c2fcd716ea6880001dc8e3d,AWAITING REVIEW,Not Applicable,2025-07-23T12:29:14.884000Z,2025-07-23T12:46:19.319000Z,,2025-07-23T12:46:19.754293Z,1025.0,C11IH4PS,10453,I was raised with my native language only,New Jersey (NJ),New Jersey (NJ),61,Female,White,United States,United States,United States,English,No,Full-Time
6880d5d297090eb5ee98566f,6606ce9c3523446ed5777300,AWAITING REVIEW,Not Applicable,2025-07-23T12:31:08.571000Z,2025-07-23T12:50:37.644000Z,,2025-07-23T12:50:38.026064Z,1170.0,C11IH4PS,876,I was raised with my native language only,Pennsylvania (PA),Pennsylvania (PA),58,Female,White,United States,United States,United States,English,No,"Not in paid work (e.g. homemaker', 'retired or disabled)"
6880d606c649c59c620f5b6e,66e32aaad05615cfd9fcbe48,AWAITING REVIEW,Not Applicable,2025-07-23T12:31:11.560000Z,2025-07-23T12:47:25.424000Z,,2025-07-23T12:47:25.837472Z,974.0,C11IH4PS,3085,I was raised with my native language only,New York (NY),New Jersey (NJ),53,Male,White,United States,United States,United States,English,No,Full-Time
6880d63bd0a9ae71b6913231,5c66ed5b2d31c20001b09d7f,AWAITING REVIEW,Not Applicable,2025-07-23T12:32:06.296000Z,2025-07-23T12:47:35.866000Z,,2025-07-23T12:47:36.281022Z,930.0,C11IH4PS,511,I was raised with my native language only,Pennsylvania (PA),Pennsylvania (PA),32,Male,White,United States,United States,United States,English,No,Full-Time
6880d88e126716178738b784,651d623cbdcb675cb801bc79,AWAITING REVIEW,Not Applicable,2025-07-23T12:42:51.708000Z,2025-07-23T12:57:15.619000Z,,2025-07-23T12:57:16.114816Z,864.0,C11IH4PS,1282,I was raised with my native language only,Connecticut (CT),Connecticut (CT),29,Female,White,United States,United States,United States,English,DATA_EXPIRED,DATA_EXPIRED
6880d91486d276e58b1b9d0c,6163fbf78813617495ee7a9b,AWAITING REVIEW,Not Applicable,2025-07-23T12:44:10.821000Z,2025-07-23T13:36:08.165000Z,,2025-07-23T13:36:08.811094Z,3118.0,C11IH4PS,303,I was raised with my native language only,New York (NY),New York (NY),31,Female,Black,United States,United States,United States,English,DATA_EXPIRED,DATA_EXPIRED
6880dac1588816118ed8a384,675c98d1c5cd2106ffd74570,AWAITING REVIEW,Not Applicable,2025-07-23T12:51:17.602000Z,2025-07-23T13:14:35.665000Z,,2025-07-23T13:14:36.121187Z,1399.0,C11IH4PS,636,I was raised with my native language only,Pennsylvania (PA),Pennsylvania (PA),23,Male,White,United States,United States,United States,English,DATA_EXPIRED,DATA_EXPIRED
6881475b36331189b01608d4,66c7719c71a1c4f4c2e712cd,AWAITING REVIEW,Not Applicable,2025-07-23T20:35:19.229000Z,2025-07-23T20:51:05.173000Z,,2025-07-23T20:51:05.593077Z,946.0,C11IH4PS,1105,I was raised with my native language only,New York (NY),New York (NY),54,Female,White,United States,United States,United States,English,No,Unemployed (and job seeking)
6881475ce9206e3a323c3d0a,66828964434e3570607d323d,AWAITING REVIEW,Not Applicable,2025-07-23T20:34:40.504000Z,2025-07-23T20:59:23.594000Z,,2025-07-23T20:59:24.041012Z,1484.0,C11IH4PS,1082,I was raised with my native language only,New York (NY),New York (NY),23,Female,Black,United States,United States,United States,English,DATA_EXPIRED,DATA_EXPIRED
688147b552fc52027fea529d,667e000c4bfb9ea4c3e01d66,AWAITING REVIEW,Not Applicable,2025-07-23T20:36:16.723000Z,2025-07-23T20:59:47.841000Z,,2025-07-23T20:59:48.280226Z,1412.0,C11IH4PS,1571,I was raised with my native language only,Connecticut (CT),Connecticut (CT),64,Female,White,United States,United States,United States,English,No,Full-Time
68814826d4f34a767ce30480,6736ae15788d71c1c21d0398,AWAITING REVIEW,Not Applicable,2025-07-23T20:38:16.546000Z,2025-07-23T20:52:41.728000Z,,2025-07-23T20:52:42.240872Z,866.0,C11IH4PS,284,I was raised with my native language only,Pennsylvania (PA),Pennsylvania (PA),32,Female,White,United States,United States,United States,English,DATA_EXPIRED,DATA_EXPIRED
68814a327dd06b9cb772bd15,662acd8fd604c93c4700fca6,AWAITING REVIEW,Not Applicable,2025-07-23T20:46:42.832000Z,2025-07-23T21:03:11.295000Z,,2025-07-23T21:03:11.881907Z,989.0,C11IH4PS,390,I was raised with my native language only,New York (NY),New York (NY),40,Male,Black,United States,United States,United States,English,No,Part-Time
6881711ad2b8a867c97234bf,6756889918e4d36105a501ca,AWAITING REVIEW,Not Applicable,2025-07-23T23:33:36.100000Z,2025-07-23T23:51:58.888000Z,,2025-07-23T23:51:59.349600Z,1103.0,C11IH4PS,1298,I was raised with my native language only,New York (NY),New York (NY),71,Male,White,United States,United States,United States,English,DATA_EXPIRED,DATA_EXPIRED
6881734ff89a67af3a718f6d,655b6a0d11066d07716ab0b5,AWAITING REVIEW,Not Applicable,2025-07-23T23:42:20.767000Z,2025-07-23T23:56:38.987000Z,,2025-07-23T23:56:39.627886Z,859.0,C11IH4PS,3465,I was raised with my native language only,New York (NY),New York (NY),34,Male,White,United States,United States,United States,English,DATA_EXPIRED,"Not in paid work (e.g. homemaker', 'retired or disabled)"
687edeb1747c4e506881a215,61521b2b369463cd1515d06b,RETURNED,Not Applicable,2025-07-22T00:43:34.460000Z,,,,,,609,CONSENT_REVOKED,CONSENT_REVOKED,CONSENT_REVOKED,CONSENT_REVOKED,CONSENT_REVOKED,CONSENT_REVOKED,CONSENT_REVOKED,CONSENT_REVOKED,CONSENT_REVOKED,CONSENT_REVOKED,CONSENT_REVOKED,CONSENT_REVOKED
687ee0373c6c7e646f347b5e,580cab86b869700001d71628,RETURNED,Not Applicable,,,,,,,8916,CONSENT_REVOKED,CONSENT_REVOKED,CONSENT_REVOKED,CONSENT_REVOKED,CONSENT_REVOKED,CONSENT_REVOKED,CONSENT_REVOKED,CONSENT_REVOKED,CONSENT_REVOKED,CONSENT_REVOKED,CONSENT_REVOKED,CONSENT_REVOKED
687ee03fad389e09c781ac92,6132542039ead71f30971bd6,RETURNED,Not Applicable,,,,,,,12016,CONSENT_REVOKED,CONSENT_REVOKED,CONSENT_REVOKED,CONSENT_REVOKED,CONSENT_REVOKED,CONSENT_REVOKED,CONSENT_REVOKED,CONSENT_REVOKED,CONSENT_REVOKED,CONSENT_REVOKED,CONSENT_REVOKED,CONSENT_REVOKED
687ee25f85526ae53664f6ca,67a908afd56a6f9e4bf0d17d,RETURNED,Not Applicable,2025-07-22T00:59:15.922000Z,,,,,,1254,CONSENT_REVOKED,CONSENT_REVOKED,CONSENT_REVOKED,CONSENT_REVOKED,CONSENT_REVOKED,CONSENT_REVOKED,CONSENT_REVOKED,CONSENT_REVOKED,CONSENT_REVOKED,CONSENT_REVOKED,CONSENT_REVOKED,CONSENT_REVOKED
687f0cd8732051da3e2073ab,67569c395fa90a1f45339179,RETURNED,Not Applicable,2025-07-22T04:00:40.348000Z,,,,,,531,CONSENT_REVOKED,CONSENT_REVOKED,CONSENT_REVOKED,CONSENT_REVOKED,CONSENT_REVOKED,CONSENT_REVOKED,CONSENT_REVOKED,CONSENT_REVOKED,CONSENT_REVOKED,CONSENT_REVOKED,CONSENT_REVOKED,CONSENT_REVOKED
68802ecabd216683f70f7cea,58f0fca0d40252000192f201,RETURNED,Not Applicable,2025-07-23T00:41:10.231000Z,,,,,,18862,CONSENT_REVOKED,CONSENT_REVOKED,CONSENT_REVOKED,CONSENT_REVOKED,CONSENT_REVOKED,CONSENT_REVOKED,CONSENT_REVOKED,CONSENT_REVOKED,CONSENT_REVOKED,CONSENT_REVOKED,CONSENT_REVOKED,CONSENT_REVOKED
68802ee1a688e23a1faae703,63e5b3e89a3823139cb9d35e,TIMED-OUT,Not Applicable,2025-07-23T00:39:36.520000Z,,,,1622309.0,,1861,I was raised with my native language only,Connecticut (CT),Connecticut (CT),34,Male,White,United States,United States,United States,English,No,Full-Time
68802eed17fca7771ea501b4,67ccf7fbbe84c977587b8b53,RETURNED,Not Applicable,2025-07-23T00:39:39.163000Z,,,,,,1379,CONSENT_REVOKED,CONSENT_REVOKED,CONSENT_REVOKED,CONSENT_REVOKED,CONSENT_REVOKED,CONSENT_REVOKED,CONSENT_REVOKED,CONSENT_REVOKED,CONSENT_REVOKED,CONSENT_REVOKED,CONSENT_REVOKED,CONSENT_REVOKED
68802ef28a55cec35c2b1afc,67d30fc29388d0efd90a9833,RETURNED,Not Applicable,2025-07-23T00:38:53.227000Z,,,,,,287,CONSENT_REVOKED,CONSENT_REVOKED,CONSENT_REVOKED,CONSENT_REVOKED,CONSENT_REVOKED,CONSENT_REVOKED,CONSENT_REVOKED,CONSENT_REVOKED,CONSENT_REVOKED,CONSENT_REVOKED,CONSENT_REVOKED,CONSENT_REVOKED
68802ef69166074b2a062cd7,6296290ec41bde1525dbb77e,RETURNED,Not Applicable,2025-07-23T00:49:00.005000Z,,,,,,5027,CONSENT_REVOKED,CONSENT_REVOKED,CONSENT_REVOKED,CONSENT_REVOKED,CONSENT_REVOKED,CONSENT_REVOKED,CONSENT_REVOKED,CONSENT_REVOKED,CONSENT_REVOKED,CONSENT_REVOKED,CONSENT_REVOKED,CONSENT_REVOKED
68802f0b700966b6d573be59,5f5550685e8dec926f63cef1,RETURNED,Not Applicable,2025-07-23T00:38:39.847000Z,,,,,,5634,CONSENT_REVOKED,CONSENT_REVOKED,CONSENT_REVOKED,CONSENT_REVOKED,CONSENT_REVOKED,CONSENT_REVOKED,CONSENT_REVOKED,CONSENT_REVOKED,CONSENT_REVOKED,CONSENT_REVOKED,CONSENT_REVOKED,CONSENT_REVOKED
68802f344ea8b401b7c10e0e,65fce899eed934d69c9e6166,RETURNED,Not Applicable,2025-07-23T00:39:30.220000Z,,,,,,1397,CONSENT_REVOKED,CONSENT_REVOKED,CONSENT_REVOKED,CONSENT_REVOKED,CONSENT_REVOKED,CONSENT_REVOKED,CONSENT_REVOKED,CONSENT_REVOKED,CONSENT_REVOKED,CONSENT_REVOKED,CONSENT_REVOKED,CONSENT_REVOKED
688031790a6779af54e2cdaa,66fc2bcdcab83810a0978eea,RETURNED,Not Applicable,2025-07-23T00:49:01.275000Z,,,,,,2194,CONSENT_REVOKED,CONSENT_REVOKED,CONSENT_REVOKED,CONSENT_REVOKED,CONSENT_REVOKED,CONSENT_REVOKED,CONSENT_REVOKED,CONSENT_REVOKED,CONSENT_REVOKED,CONSENT_REVOKED,CONSENT_REVOKED,CONSENT_REVOKED
688032e5a56088cc5736c88f,66465a32d423f08643099160,RETURNED,Not Applicable,2025-07-23T00:55:11.034000Z,,,,,,1451,CONSENT_REVOKED,CONSENT_REVOKED,CONSENT_REVOKED,CONSENT_REVOKED,CONSENT_REVOKED,CONSENT_REVOKED,CONSENT_REVOKED,CONSENT_REVOKED,CONSENT_REVOKED,CONSENT_REVOKED,CONSENT_REVOKED,CONSENT_REVOKED
688032e73db9ebe90af2246d,66b033e4f3498b16894e4c3f,RETURNED,Not Applicable,2025-07-23T00:55:26.369000Z,,,,,,2066,CONSENT_REVOKED,CONSENT_REVOKED,CONSENT_REVOKED,CONSENT_REVOKED,CONSENT_REVOKED,CONSENT_REVOKED,CONSENT_REVOKED,CONSENT_REVOKED,CONSENT_REVOKED,CONSENT_REVOKED,CONSENT_REVOKED,CONSENT_REVOKED
68803496e8a54ac0d779a9c3,5bd8fabf544d4f000141d94d,RETURNED,Not Applicable,2025-07-23T01:03:51.377000Z,,,,,,10719,CONSENT_REVOKED,CONSENT_REVOKED,CONSENT_REVOKED,CONSENT_REVOKED,CONSENT_REVOKED,CONSENT_REVOKED,CONSENT_REVOKED,CONSENT_REVOKED,CONSENT_REVOKED,CONSENT_REVOKED,CONSENT_REVOKED,CONSENT_REVOKED
688036724ed2be22b57bbe23,66c3366a3b5834b89124e85a,RETURNED,Not Applicable,2025-07-23T01:10:25.055000Z,,,,,,3518,CONSENT_REVOKED,CONSENT_REVOKED,CONSENT_REVOKED,CONSENT_REVOKED,CONSENT_REVOKED,CONSENT_REVOKED,CONSENT_REVOKED,CONSENT_REVOKED,CONSENT_REVOKED,CONSENT_REVOKED,CONSENT_REVOKED,CONSENT_REVOKED
688039c4b8a910bbbc84d096,66d62734985c822b67585824,RETURNED,Not Applicable,2025-07-23T01:24:20.067000Z,,,,,,2093,CONSENT_REVOKED,CONSENT_REVOKED,CONSENT_REVOKED,CONSENT_REVOKED,CONSENT_REVOKED,CONSENT_REVOKED,CONSENT_REVOKED,CONSENT_REVOKED,CONSENT_REVOKED,CONSENT_REVOKED,CONSENT_REVOKED,CONSENT_REVOKED
688039cb0d12e540289dbf81,63e51e55974365f1e43df265,REJECTED,Not Applicable,2025-07-23T01:24:39.813000Z,2025-07-23T02:13:32.567000Z,2025-07-23T20:31:07.114000Z,2025-07-23T02:13:33.016000Z,2933.0,C11IH4PS,4765,CONSENT_REVOKED,CONSENT_REVOKED,CONSENT_REVOKED,CONSENT_REVOKED,CONSENT_REVOKED,CONSENT_REVOKED,CONSENT_REVOKED,CONSENT_REVOKED,CONSENT_REVOKED,CONSENT_REVOKED,CONSENT_REVOKED,CONSENT_REVOKED
68803b16d36889f935e801c5,673b834c1ca9feb154a86523,RETURNED,Not Applicable,2025-07-23T01:30:07.494000Z,,,,,,2115,CONSENT_REVOKED,CONSENT_REVOKED,CONSENT_REVOKED,CONSENT_REVOKED,CONSENT_REVOKED,CONSENT_REVOKED,CONSENT_REVOKED,CONSENT_REVOKED,CONSENT_REVOKED,CONSENT_REVOKED,CONSENT_REVOKED,CONSENT_REVOKED
68803c5d8ac3bb8b67be6518,648b61896bde60c2fef683a1,RETURNED,Not Applicable,2025-07-23T01:35:32.454000Z,,,,,,1207,CONSENT_REVOKED,CONSENT_REVOKED,CONSENT_REVOKED,CONSENT_REVOKED,CONSENT_REVOKED,CONSENT_REVOKED,CONSENT_REVOKED,CONSENT_REVOKED,CONSENT_REVOKED,CONSENT_REVOKED,CONSENT_REVOKED,CONSENT_REVOKED
68803c6a9e64803a5ac46049,62e027478bb6dca099c2e207,RETURNED,Not Applicable,2025-07-23T01:35:42.409000Z,,,,,,4659,CONSENT_REVOKED,CONSENT_REVOKED,CONSENT_REVOKED,CONSENT_REVOKED,CONSENT_REVOKED,CONSENT_REVOKED,CONSENT_REVOKED,CONSENT_REVOKED,CONSENT_REVOKED,CONSENT_REVOKED,CONSENT_REVOKED,CONSENT_REVOKED
688040f4d69eb944fa2f6541,63b3208b1734328e43b42532,RETURNED,Not Applicable,2025-07-23T01:55:05.392000Z,,,,,,4958,CONSENT_REVOKED,CONSENT_REVOKED,CONSENT_REVOKED,CONSENT_REVOKED,CONSENT_REVOKED,CONSENT_REVOKED,CONSENT_REVOKED,CONSENT_REVOKED,CONSENT_REVOKED,CONSENT_REVOKED,CONSENT_REVOKED,CONSENT_REVOKED
68804221fe8e68fbed804ab4,673d25851173193daa4771ca,RETURNED,Not Applicable,2025-07-23T02:00:05.570000Z,,,,,,645,CONSENT_REVOKED,CONSENT_REVOKED,CONSENT_REVOKED,CONSENT_REVOKED,CONSENT_REVOKED,CONSENT_REVOKED,CONSENT_REVOKED,CONSENT_REVOKED,CONSENT_REVOKED,CONSENT_REVOKED,CONSENT_REVOKED,CONSENT_REVOKED
6880422f670bc7964e7bc9f0,651752412b1f19fef16f6902,RETURNED,Not Applicable,2025-07-23T02:01:21.038000Z,,,,,,2751,CONSENT_REVOKED,CONSENT_REVOKED,CONSENT_REVOKED,CONSENT_REVOKED,CONSENT_REVOKED,CONSENT_REVOKED,CONSENT_REVOKED,CONSENT_REVOKED,CONSENT_REVOKED,CONSENT_REVOKED,CONSENT_REVOKED,CONSENT_REVOKED
688043b2c187c86aea213d7c,6743e2a370f08d22f1b618b0,RETURNED,Not Applicable,2025-07-23T02:06:50.604000Z,,,,,,293,CONSENT_REVOKED,CONSENT_REVOKED,CONSENT_REVOKED,CONSENT_REVOKED,CONSENT_REVOKED,CONSENT_REVOKED,CONSENT_REVOKED,CONSENT_REVOKED,CONSENT_REVOKED,CONSENT_REVOKED,CONSENT_REVOKED,CONSENT_REVOKED
6880475810af2e8192191303,5a876665ae9a0b0001a9fbe3,RETURNED,Not Applicable,2025-07-23T02:22:21.997000Z,,,,,,2432,CONSENT_REVOKED,CONSENT_REVOKED,CONSENT_REVOKED,CONSENT_REVOKED,CONSENT_REVOKED,CONSENT_REVOKED,CONSENT_REVOKED,CONSENT_REVOKED,CONSENT_REVOKED,CONSENT_REVOKED,CONSENT_REVOKED,CONSENT_REVOKED
68804820c8af9d09e27c2080,5b233660648d5b0001b7de87,RETURNED,Not Applicable,2025-07-23T02:25:48.998000Z,,,,,,9165,CONSENT_REVOKED,CONSENT_REVOKED,CONSENT_REVOKED,CONSENT_REVOKED,CONSENT_REVOKED,CONSENT_REVOKED,CONSENT_REVOKED,CONSENT_REVOKED,CONSENT_REVOKED,CONSENT_REVOKED,CONSENT_REVOKED,CONSENT_REVOKED
68804eae96662daa6684c210,5c2844f42c45d40001493efd,RETURNED,Not Applicable,2025-07-23T02:53:45.516000Z,,,,,,2193,CONSENT_REVOKED,CONSENT_REVOKED,CONSENT_REVOKED,CONSENT_REVOKED,CONSENT_REVOKED,CONSENT_REVOKED,CONSENT_REVOKED,CONSENT_REVOKED,CONSENT_REVOKED,CONSENT_REVOKED,CONSENT_REVOKED,CONSENT_REVOKED
68804fd9f78fb7ae9698bfc3,660456727added667675def7,RETURNED,Not Applicable,2025-07-23T02:59:59.074000Z,,,,,,729,CONSENT_REVOKED,CONSENT_REVOKED,CONSENT_REVOKED,CONSENT_REVOKED,CONSENT_REVOKED,CONSENT_REVOKED,CONSENT_REVOKED,CONSENT_REVOKED,CONSENT_REVOKED,CONSENT_REVOKED,CONSENT_REVOKED,CONSENT_REVOKED
688051a26a98828cd31f0129,614f74c86e809d190daf00a4,RETURNED,Not Applicable,2025-07-23T03:06:21.685000Z,,,,,,5007,CONSENT_REVOKED,CONSENT_REVOKED,CONSENT_REVOKED,CONSENT_REVOKED,CONSENT_REVOKED,CONSENT_REVOKED,CONSENT_REVOKED,CONSENT_REVOKED,CONSENT_REVOKED,CONSENT_REVOKED,CONSENT_REVOKED,CONSENT_REVOKED
68805714932ecaaad85c1baf,6563b8c95e1de3467955294d,RETURNED,Not Applicable,,,,,,,1450,CONSENT_REVOKED,CONSENT_REVOKED,CONSENT_REVOKED,CONSENT_REVOKED,CONSENT_REVOKED,CONSENT_REVOKED,CONSENT_REVOKED,CONSENT_REVOKED,CONSENT_REVOKED,CONSENT_REVOKED,CONSENT_REVOKED,CONSENT_REVOKED
68805aff459cfb6a21c22773,66c4b62a43b7ea9fa8d655b6,REJECTED,Not Applicable,2025-07-23T03:46:15.366000Z,2025-07-23T04:00:02.180000Z,2025-07-23T20:32:27.727000Z,2025-07-23T04:00:02.611000Z,827.0,C11IH4PS,456,CONSENT_REVOKED,CONSENT_REVOKED,CONSENT_REVOKED,CONSENT_REVOKED,CONSENT_REVOKED,CONSENT_REVOKED,CONSENT_REVOKED,CONSENT_REVOKED,CONSENT_REVOKED,CONSENT_REVOKED,CONSENT_REVOKED,CONSENT_REVOKED
68805d69896ad19ed5963280,61078972d4d5feb1d8b8a651,RETURNED,Not Applicable,2025-07-23T03:56:29.025000Z,,,,,,877,CONSENT_REVOKED,CONSENT_REVOKED,CONSENT_REVOKED,CONSENT_REVOKED,CONSENT_REVOKED,CONSENT_REVOKED,CONSENT_REVOKED,CONSENT_REVOKED,CONSENT_REVOKED,CONSENT_REVOKED,CONSENT_REVOKED,CONSENT_REVOKED
688062ca5650fc1ee1cbd1bf,6760c7a3d700fc69b2fec5f1,RETURNED,Not Applicable,2025-07-23T04:19:33.612000Z,,,,,,329,CONSENT_REVOKED,CONSENT_REVOKED,CONSENT_REVOKED,CONSENT_REVOKED,CONSENT_REVOKED,CONSENT_REVOKED,CONSENT_REVOKED,CONSENT_REVOKED,CONSENT_REVOKED,CONSENT_REVOKED,CONSENT_REVOKED,CONSENT_REVOKED
688064cb05e6a15eadb33569,679308802b9c93a3e9e8b0fa,RETURNED,Not Applicable,2025-07-23T04:28:03.078000Z,,,,,,339,CONSENT_REVOKED,CONSENT_REVOKED,CONSENT_REVOKED,CONSENT_REVOKED,CONSENT_REVOKED,CONSENT_REVOKED,CONSENT_REVOKED,CONSENT_REVOKED,CONSENT_REVOKED,CONSENT_REVOKED,CONSENT_REVOKED,CONSENT_REVOKED
68806671d58bb674b4900c09,67e9738d6bb6923faef4a165,REJECTED,Not Applicable,2025-07-23T04:37:31.783000Z,2025-07-23T05:30:57.574000Z,2025-07-23T23:24:28.636000Z,2025-07-23T05:30:58.015000Z,3206.0,C11IH4PS,690,CONSENT_REVOKED,CONSENT_REVOKED,CONSENT_REVOKED,CONSENT_REVOKED,CONSENT_REVOKED,CONSENT_REVOKED,CONSENT_REVOKED,CONSENT_REVOKED,CONSENT_REVOKED,CONSENT_REVOKED,CONSENT_REVOKED,CONSENT_REVOKED
68806e16b4e2133ae9638d82,5fb7dd473afbb1033b491811,RETURNED,Not Applicable,2025-07-23T05:07:39.474000Z,,,,,,4621,CONSENT_REVOKED,CONSENT_REVOKED,CONSENT_REVOKED,CONSENT_REVOKED,CONSENT_REVOKED,CONSENT_REVOKED,CONSENT_REVOKED,CONSENT_REVOKED,CONSENT_REVOKED,CONSENT_REVOKED,CONSENT_REVOKED,CONSENT_REVOKED
68806e7ab37d3c11806c85bf,67d83d5fdd68549a4c41a1fd,RETURNED,Not Applicable,2025-07-23T05:09:21.530000Z,,,,,,1034,CONSENT_REVOKED,CONSENT_REVOKED,CONSENT_REVOKED,CONSENT_REVOKED,CONSENT_REVOKED,CONSENT_REVOKED,CONSENT_REVOKED,CONSENT_REVOKED,CONSENT_REVOKED,CONSENT_REVOKED,CONSENT_REVOKED,CONSENT_REVOKED
68806f64c10a2e8d6fd8db40,669b480c1c3e5baa7ed900eb,RETURNED,Not Applicable,2025-07-23T05:13:20.466000Z,,,,,,1531,CONSENT_REVOKED,CONSENT_REVOKED,CONSENT_REVOKED,CONSENT_REVOKED,CONSENT_REVOKED,CONSENT_REVOKED,CONSENT_REVOKED,CONSENT_REVOKED,CONSENT_REVOKED,CONSENT_REVOKED,CONSENT_REVOKED,CONSENT_REVOKED
688074cc296ddd4b79d17b38,5e16bce18dffa0c6f76cda9b,RETURNED,Not Applicable,2025-07-23T05:36:18.461000Z,,,,,,6039,CONSENT_REVOKED,CONSENT_REVOKED,CONSENT_REVOKED,CONSENT_REVOKED,CONSENT_REVOKED,CONSENT_REVOKED,CONSENT_REVOKED,CONSENT_REVOKED,CONSENT_REVOKED,CONSENT_REVOKED,CONSENT_REVOKED,CONSENT_REVOKED
688074f31c96e1e7e5c7d0f1,5b2fef03530770000105a8b2,RETURNED,Not Applicable,2025-07-23T05:37:13.251000Z,,,,,,1116,CONSENT_REVOKED,CONSENT_REVOKED,CONSENT_REVOKED,CONSENT_REVOKED,CONSENT_REVOKED,CONSENT_REVOKED,CONSENT_REVOKED,CONSENT_REVOKED,CONSENT_REVOKED,CONSENT_REVOKED,CONSENT_REVOKED,CONSENT_REVOKED
68807553350a43865195987d,5d4c7a1e2a25e5000114cf12,REJECTED,Not Applicable,2025-07-23T05:38:35.109000Z,2025-07-23T05:48:48.047000Z,2025-07-23T23:31:08.136000Z,2025-07-23T05:48:48.464000Z,613.0,C11IH4PS,1981,CONSENT_REVOKED,CONSENT_REVOKED,CONSENT_REVOKED,CONSENT_REVOKED,CONSENT_REVOKED,CONSENT_REVOKED,CONSENT_REVOKED,CONSENT_REVOKED,CONSENT_REVOKED,CONSENT_REVOKED,CONSENT_REVOKED,CONSENT_REVOKED
6880755bae4034bcaa6adb16,67dc072eacaa1f3a0c84be04,RETURNED,Not Applicable,2025-07-23T05:38:54.833000Z,,,,,,329,CONSENT_REVOKED,CONSENT_REVOKED,CONSENT_REVOKED,CONSENT_REVOKED,CONSENT_REVOKED,CONSENT_REVOKED,CONSENT_REVOKED,CONSENT_REVOKED,CONSENT_REVOKED,CONSENT_REVOKED,CONSENT_REVOKED,CONSENT_REVOKED
688075e54d8899201186c1e4,610abfb0eb7add4ed3226a44,TIMED-OUT,Not Applicable,2025-07-23T05:40:58.107000Z,,,,1604229.0,,804,I was raised with my native language only,New York (NY),New York (NY),27,Female,White,United States,United States,Italy,English,No,Part-Time
68807c5f486485ef62100664,67e711daa771e0a8ad8c36f6,RETURNED,Not Applicable,2025-07-23T06:08:55.408000Z,,,,,,300,CONSENT_REVOKED,CONSENT_REVOKED,CONSENT_REVOKED,CONSENT_REVOKED,CONSENT_REVOKED,CONSENT_REVOKED,CONSENT_REVOKED,CONSENT_REVOKED,CONSENT_REVOKED,CONSENT_REVOKED,CONSENT_REVOKED,CONSENT_REVOKED
688083b7d0acfe816a800c83,66fdd6ecd96e23c98cf47a4a,RETURNED,Not Applicable,2025-07-23T06:40:04.430000Z,,,,,,867,CONSENT_REVOKED,CONSENT_REVOKED,CONSENT_REVOKED,CONSENT_REVOKED,CONSENT_REVOKED,CONSENT_REVOKED,CONSENT_REVOKED,CONSENT_REVOKED,CONSENT_REVOKED,CONSENT_REVOKED,CONSENT_REVOKED,CONSENT_REVOKED
68808be71bf7e4f32b0f7e84,628de7e8ff1744a9717d7883,RETURNED,Not Applicable,2025-07-23T07:14:54.400000Z,,,,,,5338,CONSENT_REVOKED,CONSENT_REVOKED,CONSENT_REVOKED,CONSENT_REVOKED,CONSENT_REVOKED,CONSENT_REVOKED,CONSENT_REVOKED,CONSENT_REVOKED,CONSENT_REVOKED,CONSENT_REVOKED,CONSENT_REVOKED,CONSENT_REVOKED
68808c2a8ee444c1e883bb8c,67db41034909b8b0a6acdb78,RETURNED,Not Applicable,2025-07-23T07:16:02.608000Z,,,,,,166,CONSENT_REVOKED,CONSENT_REVOKED,CONSENT_REVOKED,CONSENT_REVOKED,CONSENT_REVOKED,CONSENT_REVOKED,CONSENT_REVOKED,CONSENT_REVOKED,CONSENT_REVOKED,CONSENT_REVOKED,CONSENT_REVOKED,CONSENT_REVOKED
688095f6c619659d0936b49a,67caa9e6401f66dec89023f8,RETURNED,Not Applicable,2025-07-23T07:57:42.490000Z,,,,,,1118,CONSENT_REVOKED,CONSENT_REVOKED,CONSENT_REVOKED,CONSENT_REVOKED,CONSENT_REVOKED,CONSENT_REVOKED,CONSENT_REVOKED,CONSENT_REVOKED,CONSENT_REVOKED,CONSENT_REVOKED,CONSENT_REVOKED,CONSENT_REVOKED
68809968667791de13b960e3,67e9c5ae31da35e759d17d8f,RETURNED,Not Applicable,2025-07-23T08:12:52.050000Z,,,,,,1736,CONSENT_REVOKED,CONSENT_REVOKED,CONSENT_REVOKED,CONSENT_REVOKED,CONSENT_REVOKED,CONSENT_REVOKED,CONSENT_REVOKED,CONSENT_REVOKED,CONSENT_REVOKED,CONSENT_REVOKED,CONSENT_REVOKED,CONSENT_REVOKED
6880a1a0215583684de73f36,5ce42b3454e33d001918923a,RETURNED,Not Applicable,2025-07-23T08:47:38.073000Z,,,,,,3395,CONSENT_REVOKED,CONSENT_REVOKED,CONSENT_REVOKED,CONSENT_REVOKED,CONSENT_REVOKED,CONSENT_REVOKED,CONSENT_REVOKED,CONSENT_REVOKED,CONSENT_REVOKED,CONSENT_REVOKED,CONSENT_REVOKED,CONSENT_REVOKED
6880a96762b43b04ff957197,63f8aeb6c9098e0ef3bf3553,RETURNED,Not Applicable,2025-07-23T09:20:44.390000Z,,,,,,5237,CONSENT_REVOKED,CONSENT_REVOKED,CONSENT_REVOKED,CONSENT_REVOKED,CONSENT_REVOKED,CONSENT_REVOKED,CONSENT_REVOKED,CONSENT_REVOKED,CONSENT_REVOKED,CONSENT_REVOKED,CONSENT_REVOKED,CONSENT_REVOKED
6880aa0c852abb1c0d31183b,65c0ed76e2e195876cfd9b74,RETURNED,Not Applicable,2025-07-23T09:23:27.975000Z,,,,,,5008,CONSENT_REVOKED,CONSENT_REVOKED,CONSENT_REVOKED,CONSENT_REVOKED,CONSENT_REVOKED,CONSENT_REVOKED,CONSENT_REVOKED,CONSENT_REVOKED,CONSENT_REVOKED,CONSENT_REVOKED,CONSENT_REVOKED,CONSENT_REVOKED
6880ab4da3f14016369edab4,67be05692b18b631ece5fd2e,RETURNED,Not Applicable,2025-07-23T09:29:01.481000Z,,,,,,699,CONSENT_REVOKED,CONSENT_REVOKED,CONSENT_REVOKED,CONSENT_REVOKED,CONSENT_REVOKED,CONSENT_REVOKED,CONSENT_REVOKED,CONSENT_REVOKED,CONSENT_REVOKED,CONSENT_REVOKED,CONSENT_REVOKED,CONSENT_REVOKED
6880adaf9571d659c6abfefa,60367f78082e3dedb8238ea3,RETURNED,Not Applicable,2025-07-23T09:39:03.265000Z,,,,,,9121,CONSENT_REVOKED,CONSENT_REVOKED,CONSENT_REVOKED,CONSENT_REVOKED,CONSENT_REVOKED,CONSENT_REVOKED,CONSENT_REVOKED,CONSENT_REVOKED,CONSENT_REVOKED,CONSENT_REVOKED,CONSENT_REVOKED,CONSENT_REVOKED
6880ae922cca5afe276b0c72,5dea7a7df87f5519e686ff7b,TIMED-OUT,Not Applicable,2025-07-23T09:42:47.383000Z,,,,1589720.0,,6123,I was raised with my native language only,New Jersey (NJ),New Jersey (NJ),38,Female,White,United States,United States,United States,English,No,DATA_EXPIRED
6880b636e9523092cd00f1a7,63bc0a007b1c348dff56b59d,RETURNED,Not Applicable,2025-07-23T10:15:24.122000Z,,,,,,4781,CONSENT_REVOKED,CONSENT_REVOKED,CONSENT_REVOKED,CONSENT_REVOKED,CONSENT_REVOKED,CONSENT_REVOKED,CONSENT_REVOKED,CONSENT_REVOKED,CONSENT_REVOKED,CONSENT_REVOKED,CONSENT_REVOKED,CONSENT_REVOKED
6880b9b10cc8b2d370087935,65173d4e2c14e2b3e0d3f5e0,RETURNED,Not Applicable,,,,,,,1795,CONSENT_REVOKED,CONSENT_REVOKED,CONSENT_REVOKED,CONSENT_REVOKED,CONSENT_REVOKED,CONSENT_REVOKED,CONSENT_REVOKED,CONSENT_REVOKED,CONSENT_REVOKED,CONSENT_REVOKED,CONSENT_REVOKED,CONSENT_REVOKED
6880bcd712457437652aed03,66ef212cf79668f34be612d8,RETURNED,Not Applicable,,,,,,,1496,CONSENT_REVOKED,CONSENT_REVOKED,CONSENT_REVOKED,CONSENT_REVOKED,CONSENT_REVOKED,CONSENT_REVOKED,CONSENT_REVOKED,CONSENT_REVOKED,CONSENT_REVOKED,CONSENT_REVOKED,CONSENT_REVOKED,CONSENT_REVOKED
6880c42edab76013a83c9671,63d13e9a41e1c279a151bd4b,REJECTED,Not Applicable,2025-07-23T11:14:59.393000Z,2025-07-23T11:34:52.426000Z,2025-07-23T19:44:17.066000Z,2025-07-23T11:34:52.864000Z,1194.0,C11IH4PS,6831,CONSENT_REVOKED,CONSENT_REVOKED,CONSENT_REVOKED,CONSENT_REVOKED,CONSENT_REVOKED,CONSENT_REVOKED,CONSENT_REVOKED,CONSENT_REVOKED,CONSENT_REVOKED,CONSENT_REVOKED,CONSENT_REVOKED,CONSENT_REVOKED
6880c46431d15e834cf11c8c,651ed09bae5c435e44627f99,RETURNED,Not Applicable,2025-07-23T11:15:50.942000Z,,,,,,2244,CONSENT_REVOKED,CONSENT_REVOKED,CONSENT_REVOKED,CONSENT_REVOKED,CONSENT_REVOKED,CONSENT_REVOKED,CONSENT_REVOKED,CONSENT_REVOKED,CONSENT_REVOKED,CONSENT_REVOKED,CONSENT_REVOKED,CONSENT_REVOKED
6880c526ef313f30e310066d,668d38bc17a6f45c904036b4,RETURNED,Not Applicable,2025-07-23T11:19:10.525000Z,,,,,,1316,CONSENT_REVOKED,CONSENT_REVOKED,CONSENT_REVOKED,CONSENT_REVOKED,CONSENT_REVOKED,CONSENT_REVOKED,CONSENT_REVOKED,CONSENT_REVOKED,CONSENT_REVOKED,CONSENT_REVOKED,CONSENT_REVOKED,CONSENT_REVOKED
6880c611120d11b1a94f4fd3,6012e262527c380ccb2a6c74,RETURNED,Not Applicable,2025-07-23T11:23:01.661000Z,,,,,,8558,CONSENT_REVOKED,CONSENT_REVOKED,CONSENT_REVOKED,CONSENT_REVOKED,CONSENT_REVOKED,CONSENT_REVOKED,CONSENT_REVOKED,CONSENT_REVOKED,CONSENT_REVOKED,CONSENT_REVOKED,CONSENT_REVOKED,CONSENT_REVOKED
6880c7d0cad9550a873e5041,66544b06d9f37cea164b6022,RETURNED,Not Applicable,2025-07-23T11:30:32.310000Z,,,,,,1773,CONSENT_REVOKED,CONSENT_REVOKED,CONSENT_REVOKED,CONSENT_REVOKED,CONSENT_REVOKED,CONSENT_REVOKED,CONSENT_REVOKED,CONSENT_REVOKED,CONSENT_REVOKED,CONSENT_REVOKED,CONSENT_REVOKED,CONSENT_REVOKED
6880ca8af37bef40b771944e,67c59931c09a2f946393dae5,RETURNED,Not Applicable,2025-07-23T11:44:43.135000Z,,,,,,1203,CONSENT_REVOKED,CONSENT_REVOKED,CONSENT_REVOKED,CONSENT_REVOKED,CONSENT_REVOKED,CONSENT_REVOKED,CONSENT_REVOKED,CONSENT_REVOKED,CONSENT_REVOKED,CONSENT_REVOKED,CONSENT_REVOKED,CONSENT_REVOKED
6880cdb52203d40845b98281,603ecd847a63f50124aa5822,RETURNED,Not Applicable,2025-07-23T11:55:38.548000Z,,,,,,7498,CONSENT_REVOKED,CONSENT_REVOKED,CONSENT_REVOKED,CONSENT_REVOKED,CONSENT_REVOKED,CONSENT_REVOKED,CONSENT_REVOKED,CONSENT_REVOKED,CONSENT_REVOKED,CONSENT_REVOKED,CONSENT_REVOKED,CONSENT_REVOKED
6880ce7082dee9b695630d37,682394e6a122eee9724fc51d,RETURNED,Not Applicable,2025-07-23T12:03:12.652000Z,,,,,,1261,CONSENT_REVOKED,CONSENT_REVOKED,CONSENT_REVOKED,CONSENT_REVOKED,CONSENT_REVOKED,CONSENT_REVOKED,CONSENT_REVOKED,CONSENT_REVOKED,CONSENT_REVOKED,CONSENT_REVOKED,CONSENT_REVOKED,CONSENT_REVOKED
6880d20ae09011d46864c801,6735655725b2a1085f3b8946,RETURNED,Not Applicable,,,,,,,844,CONSENT_REVOKED,CONSENT_REVOKED,CONSENT_REVOKED,CONSENT_REVOKED,CONSENT_REVOKED,CONSENT_REVOKED,CONSENT_REVOKED,CONSENT_REVOKED,CONSENT_REVOKED,CONSENT_REVOKED,CONSENT_REVOKED,CONSENT_REVOKED
6880d28d8f96f67f64dc0a79,65fb2f8291cf16104e63effc,RETURNED,Not Applicable,2025-07-23T12:16:25.070000Z,,,,,,2534,CONSENT_REVOKED,CONSENT_REVOKED,CONSENT_REVOKED,CONSENT_REVOKED,CONSENT_REVOKED,CONSENT_REVOKED,CONSENT_REVOKED,CONSENT_REVOKED,CONSENT_REVOKED,CONSENT_REVOKED,CONSENT_REVOKED,CONSENT_REVOKED
6880d2b5fb9553436bc65a94,671be80dd312fef1ab1d7c31,RETURNED,Not Applicable,2025-07-23T12:17:03.442000Z,,,,,,1646,CONSENT_REVOKED,CONSENT_REVOKED,CONSENT_REVOKED,CONSENT_REVOKED,CONSENT_REVOKED,CONSENT_REVOKED,CONSENT_REVOKED,CONSENT_REVOKED,CONSENT_REVOKED,CONSENT_REVOKED,CONSENT_REVOKED,CONSENT_REVOKED
6880d581a35ced1ac5fff088,641386b1cb9a9c1e3569d4ee,REJECTED,Not Applicable,2025-07-23T12:29:09.430000Z,2025-07-23T12:42:40.159000Z,2025-07-23T20:32:34.498000Z,2025-07-23T12:42:40.561000Z,811.0,C11IH4PS,5249,CONSENT_REVOKED,CONSENT_REVOKED,CONSENT_REVOKED,CONSENT_REVOKED,CONSENT_REVOKED,CONSENT_REVOKED,CONSENT_REVOKED,CONSENT_REVOKED,CONSENT_REVOKED,CONSENT_REVOKED,CONSENT_REVOKED,CONSENT_REVOKED
6880d59bd0a9ae71b6913207,60b4277a6c6540693acdd766,RETURNED,Not Applicable,2025-07-23T12:29:27.022000Z,,,,,,5783,CONSENT_REVOKED,CONSENT_REVOKED,CONSENT_REVOKED,CONSENT_REVOKED,CONSENT_REVOKED,CONSENT_REVOKED,CONSENT_REVOKED,CONSENT_REVOKED,CONSENT_REVOKED,CONSENT_REVOKED,CONSENT_REVOKED,CONSENT_REVOKED
6880d62e6f5f32bdb03c266b,663d0e210e239265b07238f1,REJECTED,Not Applicable,2025-07-23T12:33:23.100000Z,2025-07-23T13:00:05.907000Z,2025-07-23T20:32:39.293000Z,2025-07-23T13:00:06.366000Z,1603.0,C11IH4PS,962,CONSENT_REVOKED,CONSENT_REVOKED,CONSENT_REVOKED,CONSENT_REVOKED,CONSENT_REVOKED,CONSENT_REVOKED,CONSENT_REVOKED,CONSENT_REVOKED,CONSENT_REVOKED,CONSENT_REVOKED,CONSENT_REVOKED,CONSENT_REVOKED
6880d6fc29b450ee9b4414e9,5dbd597b2d098c2ac14806b2,RETURNED,Not Applicable,,,,,,,4128,CONSENT_REVOKED,CONSENT_REVOKED,CONSENT_REVOKED,CONSENT_REVOKED,CONSENT_REVOKED,CONSENT_REVOKED,CONSENT_REVOKED,CONSENT_REVOKED,CONSENT_REVOKED,CONSENT_REVOKED,CONSENT_REVOKED,CONSENT_REVOKED
6880d7673b36d84c6d414194,63d3f98237a95683bfa381e3,RETURNED,Not Applicable,2025-07-23T12:37:01.691000Z,,,,,,3618,CONSENT_REVOKED,CONSENT_REVOKED,CONSENT_REVOKED,CONSENT_REVOKED,CONSENT_REVOKED,CONSENT_REVOKED,CONSENT_REVOKED,CONSENT_REVOKED,CONSENT_REVOKED,CONSENT_REVOKED,CONSENT_REVOKED,CONSENT_REVOKED
6880d85035fed98356cdb049,5e836a3c2598d409928dae31,RETURNED,Not Applicable,2025-07-23T12:40:53.959000Z,,,,,,8466,CONSENT_REVOKED,CONSENT_REVOKED,CONSENT_REVOKED,CONSENT_REVOKED,CONSENT_REVOKED,CONSENT_REVOKED,CONSENT_REVOKED,CONSENT_REVOKED,CONSENT_REVOKED,CONSENT_REVOKED,CONSENT_REVOKED,CONSENT_REVOKED
6880da3bd2f213025092c9b3,5589629dfdf99b72ead88339,RETURNED,Not Applicable,2025-07-23T12:49:06.232000Z,,,,,,2732,CONSENT_REVOKED,CONSENT_REVOKED,CONSENT_REVOKED,CONSENT_REVOKED,CONSENT_REVOKED,CONSENT_REVOKED,CONSENT_REVOKED,CONSENT_REVOKED,CONSENT_REVOKED,CONSENT_REVOKED,CONSENT_REVOKED,CONSENT_REVOKED
6881475535631e0488d13334,5e7027c5a2522d000bddb8f3,RETURNED,Not Applicable,2025-07-23T20:34:35.014000Z,,,,,,8225,CONSENT_REVOKED,CONSENT_REVOKED,CONSENT_REVOKED,CONSENT_REVOKED,CONSENT_REVOKED,CONSENT_REVOKED,CONSENT_REVOKED,CONSENT_REVOKED,CONSENT_REVOKED,CONSENT_REVOKED,CONSENT_REVOKED,CONSENT_REVOKED
68814797f9a8b8a71451e0e5,67dff4b10f363a1974679065,RETURNED,Not Applicable,2025-07-23T20:46:00.008000Z,,,,,,273,CONSENT_REVOKED,CONSENT_REVOKED,CONSENT_REVOKED,CONSENT_REVOKED,CONSENT_REVOKED,CONSENT_REVOKED,CONSENT_REVOKED,CONSENT_REVOKED,CONSENT_REVOKED,CONSENT_REVOKED,CONSENT_REVOKED,CONSENT_REVOKED
688171bd0489e30161de6db1,65d9f7d2bd4d3cddb74feb06,RETURNED,Not Applicable,2025-07-23T23:35:40.102000Z,,,,,,528,CONSENT_REVOKED,CONSENT_REVOKED,CONSENT_REVOKED,CONSENT_REVOKED,CONSENT_REVOKED,CONSENT_REVOKED,CONSENT_REVOKED,CONSENT_REVOKED,CONSENT_REVOKED,CONSENT_REVOKED,CONSENT_REVOKED,CONSENT_REVOKED
